file	apps/dotcom/client/assets/icons/icon/icon-avatar.svg	44ee819456b5c327b8fc62eea18f70f1c0034b5629e939a3c7b6f81370e27062	1790416428771.8682
file	apps/dotcom/client/assets/icons/icon/icon-bookmark.svg	19a1e2baf514d7629e367b6ab37bc60f4faab8c1a42deb9e43b5c1d38a686fdc	1790416428772.3694
file	apps/dotcom/client/assets/icons/icon/icon-check.svg	747fa82da56ed665b0a3178387d3ea0445c120fa35c47b258604cda5fea1c58c	1790416428772.8699
file	apps/dotcom/client/assets/icons/icon/icon-chevron-down-strong.svg	5dd96e0b34e1da8634c427c028ab98bb4a100db660a121271458692adf4a8ec3	1790416428773.37
file	apps/dotcom/client/assets/icons/icon/icon-chevron-down.svg	72be21f31f5295ebb62e17b23766e7b607fad9fa37aef7659589459aae9079e8	1790416428773.87
file	apps/dotcom/client/assets/icons/icon/icon-chevron-right-strong.svg	716cf63040c801d2746dcfb142f14587d28c482fb83676bfe2aa19319c9dd511	1790416428773.87
file	apps/dotcom/client/assets/icons/icon/icon-chevron-right.svg	00eba09c4b1006bcb364d0a4c8691a0a62e38f7764b33a766b7f20a8acd75887	1790416428774.3694
file	apps/dotcom/client/assets/icons/icon/icon-chevron-up-down.svg	a868a14d424e5531eab4d5f7cbcdb6d2011cf8b378c5c2835dba52645747c0eb	1790416428774.8687
file	apps/dotcom/client/assets/icons/icon/icon-chevron-up-strong.svg	431befcba57a3e78303629fa8538d22de0967c2f0f5655af6ccd1189f18e2b13	1790416428775.3704
file	apps/dotcom/client/assets/icons/icon/icon-chevron-up.svg	8f590b63745fa7f77c5e6502f2819ad7f40f0dc2ceaa8d7bda5c7cf0c219546d	1790416428775.87
file	apps/dotcom/client/assets/icons/icon/icon-close-strong.svg	93ae0946dc700969dd8c92aa9a79ad09273bcadb313e2ccd4c6509709b4b39b4	1790416428776.372
file	apps/dotcom/client/assets/icons/icon/icon-close.svg	872c5ca3b3c0369c7b2f0f0fec519eb6801534df0db50b98b8ed3078d70664b4	1790416428776.372
file	apps/dotcom/client/assets/icons/icon/icon-comment.svg	5efe243a59ac32ed59fe44540480faec766c059cc114f96e01e0f6f61bdc1f48	1790416428776.87
file	apps/dotcom/client/assets/icons/icon/icon-copy-strong.svg	0d9027870201bb7921d930ad5fe03bd0ace3ffb8dab043538c50d0d0af0ddb1c	1790416428777.3743
file	apps/dotcom/client/assets/icons/icon/icon-copy.svg	3f8fa515fbd838dc462868c0baa900e50ecdcd1d937f236cf196aa6302fb438d	1790416428777.8704
file	apps/dotcom/client/assets/icons/icon/icon-doc-strong.svg	ef300ed74d2424808761d7e628e76ad2b392e17435784590b4eef00ac08bd7e9	1790416428778.3699
file	apps/dotcom/client/assets/icons/icon/icon-doc.svg	272fa69a2552ca49e4cc33d6c7bdb93ab2bf58e82e9f8d8dbbbced05f9ec8225	1790416428778.3699
file	apps/dotcom/client/assets/icons/icon/icon-dots-horizontal-strong.svg	70833e1d63b8f6723acfbf3049db2b19de72cd84b78ca26ecf68ec5bd9c78c4e	1790416428779.3723
file	apps/dotcom/client/assets/icons/icon/icon-dots-horizontal.svg	71aeb6ee414f9363e175c554355106fae2d85aba923bddb1d268e3e52ea15404	1790416428779.8733
file	apps/dotcom/client/assets/icons/icon/icon-dots-vertical-strong.svg	cc18ef83461cc1fb8a95a492b29c511281dd28b2346e9dc7eb04db3cdef75feb	1790416428779.8733
file	apps/dotcom/client/assets/icons/icon/icon-dots-vertical.svg	c085b1c5cafa3ba05bef432feb9bdbc006e7297a707fcad2d7f36a43f33741c4	1790416428780.3704
file	apps/dotcom/client/assets/icons/icon/icon-draw.svg	df2ad9f21ab80dc413bf1c32a3277115ad92f945cd61f0b0e6680bdc3bce5b06	1790416428780.8699
file	apps/dotcom/client/assets/icons/icon/icon-edit-strong.svg	0584242bc8a0dfa4dd3eaa92f81529cc8bb527b42e54833998111de4d6dd3c09	1790416428781.3718
file	apps/dotcom/client/assets/icons/icon/icon-edit.svg	df6d1b6492e9c9cdaec1746765d09c648cf4e0af92ececb067da2fa5cc463e0f	1790416428781.8699
file	apps/dotcom/client/assets/icons/icon/icon-export.svg	115a5d82adbd3474518b65df0ed1f0543b2e3b3a72cf2740652527a569da3ece	1790416428782.3691
file	apps/dotcom/client/assets/icons/icon/icon-external.svg	80f8beea429fd0b6b7706792cc21f42bb0f5dfa01d13e363077c5275bf370ca4	1790416428782.8694
file	apps/dotcom/client/assets/icons/icon/icon-feedback.svg	6b90334cde9acabb276eba186dce7aeee4810bab09cdde70041c320a2969f56a	1790416428783.3696
file	apps/dotcom/client/assets/icons/icon/icon-folder-new.svg	ff46def77f48b811317802d4fa0dcfc2933a4c3d9864aeeac12a0dd3510e4080	1790416428784.3704
file	apps/dotcom/client/assets/icons/icon/icon-folder-open.svg	ae029f5942677a8fa6363daf58ab1da87e628388568706bc19cbb596b18488d9	1790416428784.8699
file	apps/dotcom/client/assets/icons/icon/icon-folder.svg	ce6b72cbf2fe9f9f5decaae93b211c126650d5db4700f2d91f1fa5e7f6951b46	1790416428785.3706
file	apps/dotcom/client/assets/icons/icon/icon-group-strong.svg	78f587ccb6d32ec20e6558e8b22da79b5a5c2f30b060174970bec7b89851ea34	1790416428785.8694
file	apps/dotcom/client/assets/icons/icon/icon-group.svg	ec235ffad7b4469b1dd6295c53456d196820d766c5c653a641c04b9fd36b8533	1790416428786.3696
file	apps/dotcom/client/assets/icons/icon/icon-help-circle.svg	22a893b11fd728a901c89dfb3ceb799534923837a512783888ef471f825bd7fb	1790416428786.8691
file	apps/dotcom/client/assets/icons/icon/icon-home-strong.svg	0cb80370a8f2b513df0e513f221a5576a5743e8579c63c11b979c7d02dccd616	1790416428787.3708
file	apps/dotcom/client/assets/icons/icon/icon-home.svg	43f943f2f9b60332e80fe03bb19084ac6532b40f19c6378e6ca66ba993c2bc84	1790416428787.8704
file	apps/dotcom/client/assets/icons/icon/icon-import.svg	fe4bea38294df046b6e97d0b592cef961442245ac03a3d8f14f6aad04fccbbde	1790416428788.3708
file	apps/dotcom/client/assets/icons/icon/icon-info.svg	b2e904a58cca67c8f290b32a4dab5b7c4df92a12d3de4ac5dd722c838d1ebedf	1790416428789.372
file	apps/dotcom/client/assets/icons/icon/icon-invite.svg	ff29369ee043d3c9b557e7c6612d5d09407c239ff133f608e9a225437ae1d643	1790416428789.8696
file	apps/dotcom/client/assets/icons/icon/icon-link-strong.svg	d9c2f31bca1cdfd9a2777829f736b8bf4c8a70a6b103470b0ab6a69518d36704	1790416428790.3699
file	apps/dotcom/client/assets/icons/icon/icon-link.svg	1ee11e75467968f8e134b2840284904491dbede50dd394afc1cf43718f6cff88	1790416428790.8696
file	apps/dotcom/client/assets/icons/icon/icon-manual.svg	0734c685ef41bf14e4f4ab95ad44d976e140a6bf23aae3930c4b16d3b58b6d95	1790416428791.369
file	apps/dotcom/client/assets/icons/icon/icon-more.svg	4898410e4176e07a0eae75f905dd4f076b62ee156c63b2e94b25aced50ae6fbb	1790416428791.369
file	apps/dotcom/client/assets/icons/icon/icon-notification.svg	e8dd831c4371000a257a70d87e36c1b673e760fc0e53faedf284f9d92e7a1e58	1790416428791.8691
file	apps/dotcom/client/assets/icons/icon/icon-pin-strong.svg	e0617679b798d27592c6a859a40f6afc3374d30f5c619804bcb80934d194e071	1790416428792.369
file	apps/dotcom/client/assets/icons/icon/icon-pin.svg	921977ccd343bba8484123555a50654170067e6892beb9d136868ddd414b0e24	1790416428792.8694
file	apps/dotcom/client/assets/icons/icon/icon-plus-strong.svg	6a9fe66209d91964bb3013e9d4aefa36d2a17525dac0ff007d45af032db887f1	1790416428793.8699
file	apps/dotcom/client/assets/icons/icon/icon-plus.svg	c48c3738e665e72f42a589a4920818300b9a792ccb64192f64a1f319ee4274ae	1790416428794.37
file	apps/dotcom/client/assets/icons/icon/icon-qr.svg	93e035fb6a1a06c9864f7759170f74b74477cd8edbc9ff4a6e3326239c7c23b4	1790416428794.8696
file	apps/dotcom/client/assets/icons/icon/icon-question-circle.svg	c84c73ff6a48a0bf32925d8aa9ba34222694138777282c119c77645352c3a134	1790416428795.3694
file	apps/dotcom/client/assets/icons/icon/icon-question.svg	76357f46d0377d9713d7d1c7d240abef296610beca442cd47b5394446967d2a7	1790416428795.8694
file	apps/dotcom/client/assets/icons/icon/icon-refresh.svg	82315fdde9258df587f488b480364faa93e6ad19073fcafd7fa0966124ecd955	1790416428796.3691
file	apps/dotcom/client/assets/icons/icon/icon-search.svg	ca25c59bb663f265ff28d26f392da867f4f23f3ed9e11516ec19ee51daf610e3	1790416428796.3691
file	apps/dotcom/client/assets/icons/icon/icon-settings.svg	ac1dad4b19c75adc6548cbd92828634bd9c7fa61193f2f68c95ad5042cdf0523	1790416428796.87
file	apps/dotcom/client/assets/icons/icon/icon-share.svg	08a4eb7fad9bb410f8e0fe8df1ced063f90caf95e1493fe53d4da3945777c1ac	1790416428797.3687
file	apps/dotcom/client/assets/icons/icon/icon-shared.svg	0e858f90ae34a7eb20564d3ffc9d574ec1d0b5ecce3b4fc0b5e181cf14c69402	1790416428797.87
file	apps/dotcom/client/assets/icons/icon/icon-sidebar-strong.svg	d57c706b54aa28bdf684d38947855b5bfffccc3ae95aa3a36beefcc70855a6e0	1790416428798.8691
file	apps/dotcom/client/assets/icons/icon/icon-sidebar.svg	b72d3cafc7e01f807b0bbb79adcd2edb726a529c5f0815fa84903a767b307e59	1790416428799.3726
file	apps/dotcom/client/assets/icons/icon/icon-sign-in.svg	1b8042e2978ddba2c100b61538aba76b5f5e459c642f6aea3181e9e732f42d54	1790416428799.8699
file	apps/dotcom/client/assets/icons/icon/icon-spinner.svg	6a7896fbdf7002b9e77a5e697e6ae855955bceaa45ecded05417e5053d89a069	1790416428800.3699
file	apps/dotcom/client/assets/icons/icon/icon-star-fill.svg	48847d755edc43d0ca83f2afc278d5cec1eee29c05f5d669912f02fbde745d74	1790416428801.3694
file	apps/dotcom/client/assets/icons/icon/icon-star-strong-fill.svg	64176f5d07050938dcc71c46b4f5b41e221a97ea85d0d2c9ca1075bfa9922cb1	1790416428801.3694
file	apps/dotcom/client/assets/icons/icon/icon-star-strong.svg	8efb7b73fceed6687361846a0a398a38e62a19a388c4f70c8309574d60f56ddd	1790416428801.869
file	apps/dotcom/client/assets/icons/icon/icon-star.svg	7a8bbe23b0c7477ef77f2e52a95608e8893f98cd1beb54dcc400f0bef8c97407	1790416428802.371
file	apps/dotcom/client/assets/icons/icon/icon-tick.svg	958223439d13851987d0d3835c37a5aab63df93894ba17e124284a5adf7172c9	1790416428802.8706
file	apps/dotcom/client/assets/icons/icon/icon-tldraw.svg	57686c38d77795a979e0e15fedf710ae817519efcad482f7b3eaa50a94c50e5a	1790416428803.3699
file	apps/dotcom/client/assets/icons/icon/icon-untick.svg	36661af6a745b90177536b99ce31cf1d8c4ce2af94e1f9e34967937b2e161c39	1790416428803.8691
file	apps/dotcom/client/assets/icons/icon/icon-update.svg	44aa5a65586fb8a020f6060909c4f17a5eac89df48a6a0c4488a7b15bd4abdc0	1790416428804.369
file	assets/embed-icons/canva.png	bd21099222fc20ccc21d7f75249ed172620f45de9ce6c9831eab16f3a50b3f70	1790416430563.1807
file	assets/embed-icons/codepen.png	c509134009fb9f13b16c600e86cbf16a5bd0554de55df302009bf180076959aa	1790416430564.1804
file	assets/embed-icons/codesandbox.png	0d91ed967922a025a8328d1c7b612d85328ff758d712459fe8042608c2fadcc6	1790416430564.6792
file	assets/embed-icons/desmos.png	15d0b08b30b4eceaa787c52130e3f61f530851ddca000c8ac6f94bd4389080d5	1790416430565.6812
file	assets/embed-icons/excalidraw.png	99a33a0fa20d1250da2c25ec962876349cc68af07b9cc61b3c3c96ec39722025	1790416430566.6802
file	assets/embed-icons/felt.png	ce0f1fb6b58d5f00b167366ad1f7aa1e983031c845ed541c3a3e720dcaa2952f	1790416430567.1816
file	assets/embed-icons/figma.png	12bf0233448a1bb04f8aece6b8c6d0113bf94e5fa04f4f0c78d848f207aa0ead	1790416430568.1792
file	assets/embed-icons/github_gist.png	fe7709816b48e704b56de694badad7d7a96f27a4a2f0b5ce6f7346cd0d43f2b9	1790416430568.6777
file	assets/embed-icons/google_calendar.png	372998bd27d1484d2421b70cbd45ff840e242978059eee471e589ff5ca4cc72e	1790416430569.682
file	assets/embed-icons/google_maps.png	96179f24f08107671779f84975ea50a80a1fbb5f6b110971b272af887e6e671c	1790416430570.1804
file	assets/embed-icons/google_slides.png	3c807caf0bcd7bb041beff10ca9559e50ca02f9d0aa3da1aedd7da946d005f27	1790416430570.6797
file	assets/embed-icons/observable.png	eba6b075e22be583cab748681dc98c222b54c2b9f13fc4ad4e2e33935dbc5db3	1790416430571.683
file	assets/embed-icons/replit.png	bce8ed12c055cbfd27d2696a14f3792a81a51437f0ca2b5f21d0fe668bdae53a	1790416430572.1797
file	assets/embed-icons/scratch.png	93375fd43af3073cccf35d9e0e4a0b3ce55318cc19e3e0d3537a5b7d1ef40698	1790416430573.1807
file	assets/embed-icons/spotify.png	a30d4066c9f18b9ae8ec9b621be3eaf0b328a1c27e354522bfd8958f2e2c6710	1790416430573.6792
file	assets/embed-icons/tldraw.png	76b041906f80baac1eed3c146a7985487c0fa380595fc933ab04b9272cedb9d1	1790416430574.179
file	assets/embed-icons/val_town.png	0b5e9c3e547979e1753b7ce74ad43a169d2bea3a61c5280a86952236e633b7e4	1790416430574.678
file	assets/embed-icons/vimeo.png	f0a42f95e10d0c0db97107f46364789a8a113db5f856fde16718685a93e4e4f4	1790416430575.6797
file	assets/embed-icons/youtube.png	0f750243e1ba37f5616e0d75bf0b97cb301f65e9f916238a181da2d1925501ee	1790416430576.6814
file	assets/fonts/IBMPlexMono-Bold.woff2	5788454f0ba4bd6300752c474215c4dd926682fa173ae1c6252d57828b6a235d	1790416430578.1797
file	assets/fonts/IBMPlexMono-BoldItalic.woff2	b0bfaa05c90c662c164ca0515ec42baddac93129eab1af067f8872d84f10df46	1790416430579.1814
file	assets/fonts/IBMPlexMono-Medium.woff2	8c2c290cbd998fa1f647e4572aca6ebbd72589551b0f3f9f8bb8628fbb8219d5	1790416430580.178
file	assets/fonts/IBMPlexMono-MediumItalic.woff2	c82b35693328411c756b51c7b5cb48b6cd1f4f24a0b1261857831b137e6202b5	1790416430581.1782
file	assets/fonts/IBMPlexSans-Bold.woff2	fa7130d854a660b39a7fc9e6e0f2dc23dba5f1346e2adea3e1fe37b6d884133d	1790416430582.6797
file	assets/fonts/IBMPlexSans-BoldItalic.woff2	73d57000ee0fa7d6e1dd3a9fe5901c2d7c71904af9a935dbbc1d44abc9574c1f	1790416430583.681
file	assets/fonts/IBMPlexSans-Medium.woff2	5660f8a658f8bb50dbc005232f885eadffd2bc1c235c4f6fbb63469d1f9cde6d	1790416430584.6814
file	assets/fonts/IBMPlexSans-MediumItalic.woff2	16f11ab3543e3d1e2704407378aafa4ddb570ad11f6a476eeaa4ec6e67fc30e8	1790416430586.1777
file	assets/fonts/IBMPlexSerif-Bold.woff2	1ba2fa015458f36efe822137627f75df1ee340e6d1c0d92c7ca5a3b423db75d9	1790416430587.1787
file	assets/fonts/IBMPlexSerif-BoldItalic.woff2	cf7e4359cdfc697d90ea785091a9fa289db8f064aed5c099001b08dba97c1805	1790416430588.1792
file	assets/fonts/IBMPlexSerif-Medium.woff2	2eb75e035155ea1d0805fafaa012f7083e5034f935f17cfcc650b17bdf530c2d	1790416430589.18
file	assets/fonts/IBMPlexSerif-MediumItalic.woff2	4e2f4abd7970ec8d957041100dac8eee78e70efb94bfe3e4356628b833e78a30	1790416430590.68
file	assets/fonts/Shantell_Sans-Informal_Bold.woff2	d22b90388a4bd185d87b7a8d64dbf2cea3134d1060266c7c06a9d8f113bb7d82	1790416430591.6792
file	assets/fonts/Shantell_Sans-Informal_Bold_Italic.woff2	f238d9ed3e3f0337df368c70b4aee03ca59971028cf32370b296931f15e1f1be	1790416430593.679
file	assets/fonts/Shantell_Sans-Informal_Regular.woff2	071f39874fcae274e7096eb85a5ac43975ba3dcdc2aa4929d734a13b31cffbba	1790416430594.6804
file	assets/fonts/Shantell_Sans-Informal_Regular_Italic.woff2	75451f6e8dcfa19aeaedaa5e794f72588c86be18c28bbf95bdabb21c10f18ac6	1790416430596.1792
file	assets/github-hero-dark.png	c135d62aef0bd8f1775e8dc6051f7eda1497732ed794d704d1824a9b1cdcff52	1790416430597.1782
file	assets/github-hero-light.png	a99d832cde96df2afc2463acb88dabd145f0d7a22e3a1699fabee28bf528aaf2	1790416430598.6787
file	assets/icons/icon/align-bottom.svg	55fc3af83662878c0d5bf1164ce8e7552a64314db04abdee25029bd2591fe5f7	1790416430600.179
file	assets/icons/icon/align-center-horizontal.svg	eff54f4aba582e5592f42994d37abb956ef1bf3a692dd4d4076e365226737c34	1790416430600.678
file	assets/icons/icon/align-center-vertical.svg	d57c90e01cf95cdf522629a3abd7d78cb1768f0f06b049f129ba32148f87be7c	1790416430601.6772
file	assets/icons/icon/align-left.svg	a929f1c43dcbf23fb1580ecefcfde6a830e7c43af8d7e5748265c058b1543992	1790416430602.1768
file	assets/icons/icon/align-right.svg	cb508fd69705ae1dc0e61a5bea9f492ef2183a09f154e9fb838a77475f0d0240	1790416430602.6782
file	assets/icons/icon/align-top.svg	5a95d9ee343ebe8430c2d3268377ae5fc688d779699adcd80d678da25027b035	1790416430603.6804
file	assets/icons/icon/alt.svg	bae21213114be8ec238557969f6278c28688d2370a62b5449386fb7c182a9e47	1790416430604.1775
file	assets/icons/icon/arrow-arc.svg	0542652f8c6edf97bce9465c2eb4dc48f4e13b505ec0078bc67c86b313042645	1790416430605.1792
file	assets/icons/icon/arrow-cycle.svg	d3cdc77b7c0230c7e5b7f55f9d09b5d7ea86f81a03df82bdd78aa09fbfcc1966	1790416430605.6804
file	assets/icons/icon/arrow-elbow.svg	70ab7ed71b65e2f9fb7c4028c2b497ed66d01149924336132ab80b9e1108a2c5	1790416430606.6782
file	assets/icons/icon/arrow-left.svg	a1b25b7815531023425cef6ea1e90602f1ecad1f3155105336016183fa94044f	1790416430607.177
file	assets/icons/icon/arrowhead-arrow.svg	7695a339d4e722f3f61733c660912ea0d1c0cf46e8966cf178b2f6d4331757c0	1790416430607.678
file	assets/icons/icon/arrowhead-bar.svg	cdf5e7e1a1863ffac6865c4f5314c7c9f316ce62f265c6bc0bf045349fe25685	1790416430608.1765
file	assets/icons/icon/arrowhead-diamond.svg	2a1d294e62707de4c6130b5189e35dccaa33cf24baf41687b3ddb53f0293dfb1	1790416430608.6765
file	assets/icons/icon/arrowhead-dot.svg	9ecb5afb2ec9f952c469d64659107f83eca80411faf53e720ad230b23219469d	1790416430609.178
file	assets/icons/icon/arrowhead-none.svg	9d3146f87cc2e88fa3d1fc6182e9d7d332bce22aea339af8f2eca5baa7fc0ded	1790416430610.1797
file	assets/icons/icon/arrowhead-square.svg	e7ce0195e115210a60590765e056a16f287ceb15e44233ba4ec3c3d94c013df6	1790416430610.6802
file	assets/icons/icon/arrowhead-triangle-inverted.svg	78f8557ef95ffe22316111e5497370b7eb315c6c22fb9d8b564b80777b256a2c	1790416430612.178
file	assets/icons/icon/arrowhead-triangle.svg	c4c61e9009c75bfdb470a491542044a46d9f2d665f09b39205a3e89ab8eccd04	1790416430612.6768
file	assets/icons/icon/blob.svg	6ab31427f82533d73d2158f9550cad86a492152e8783bfb2f877d0511dffc93f	1790416430613.1777
file	assets/icons/icon/bold.svg	a95d52f729734d4293ed0d04ca7cf453ac1bdcecb9555ce065ea2b540a295d37	1790416430614.178
file	assets/icons/icon/bookmark.svg	2bef2fdb61aef37ba01146c17c30c9a73f7010fbd10e248b05c5f47ba4fd1e68	1790416430614.6777
file	assets/icons/icon/bring-forward.svg	f9c9854d1a7c327e1bf901a342459edab578310e11d5b4d34d2420f88a76a88c	1790416430615.1768
file	assets/icons/icon/bring-to-front.svg	7c10d7290879963d23f4fb353048e99b40a8f66ba1fbef85852eb237479b5416	1790416430616.1814
file	assets/icons/icon/broken.svg	9b56a4f83e73715f1a1d4bf8888b9a1a51313e108cc2f6bf7525dab10152e744	1790416430616.679
file	assets/icons/icon/bulletList.svg	8e177de66b47c76f06208ca071bcaf8bcbdfd2492db16ee97243405717f5599f	1790416430617.6797
file	assets/icons/icon/check-circle.svg	1a730e0bd07b91d6af0c9ded670934bff393a29e5dc4e27e6769994656966626	1790416430618.1802
file	assets/icons/icon/check.svg	59d738f6e290857cb8cfe7c174e247b732c0273a65a2f3434c725b8d0394286a	1790416430619.1787
file	assets/icons/icon/chevron-down.svg	b0cf20471585026766562b3d1d9e623525295dc43c3fe5fe92ee9c46b432eccf	1790416430619.6787
file	assets/icons/icon/chevron-left.svg	b30410bb0fedda787f569299978da43fa6269cbf7ed36045a580e14b36e294e0	1790416430620.6787
file	assets/icons/icon/chevron-right.svg	5feee9d7f48ab71182723aa09049882b8d907843e24760a0d2851a6ddff7a115	1790416430621.1787
file	assets/icons/icon/chevron-up.svg	f5542dbdefe7b38a2e00c3269e90e4914edd95fd81778d524c90260832101785	1790416430621.68
file	assets/icons/icon/chevrons-ne.svg	b3dea036a11367de3105bebdfa5bfbf5e4c0b9931441ff7395c515f7b8a06d7a	1790416430622.6785
file	assets/icons/icon/chevrons-sw.svg	15a1e680e5f31c04758859bf22d421001d81ac8db112568e117b38175e56c2f3	1790416430623.6777
file	assets/icons/icon/clipboard-copied.svg	4bae8567e1b93dd4ac9a4b2a4e25a8eda120107f48fc4a2b2177aff0fa6cbc41	1790416430624.678
file	assets/icons/icon/clipboard-copy.svg	f75af1a19a82038538345266b9b63758b34bb83ca0aaf640cce3a48292ca8240	1790416430625.1777
file	assets/icons/icon/closed.svg	c144a003295c1d9bbf025ae92884f8a5cd51bc4d82d6718a240d5b0a24f35833	1790416430625.6782
file	assets/icons/icon/code.svg	d13b6efcc8b7831fb3118c608ef546496b0e4d4a8a960f506781dbcc057f1a35	1790416430626.6777
file	assets/icons/icon/color.svg	b5ff96b4785134056afd99d3049bbb73f0b2c98e19256ca8fb3561a11f4f10d5	1790416430627.179
file	assets/icons/icon/comment.svg	4570b979153ad82f2f6244d3f0c43199c6a32bf2bfa8c4432a35eb7c2285b516	1790416430627.6782
file	assets/icons/icon/corners.svg	03f8d756a6a3c73950464e90153b97886a646afe11bcf223ec6ba151de5fb13f	1790416430628.678
file	assets/icons/icon/crop.svg	da05f691aa0b614b7519dd6cda1408766b189e1f4408df446e721dd67ab01d27	1790416430629.1787
file	assets/icons/icon/cross-2.svg	245aaac781994eabac0fc114483132fc12bf0dc1fa139ea3a43db114f3b70519	1790416430630.1792
file	assets/icons/icon/cross-circle.svg	5f1df09aa4b1293e2fa66ac2125d8e37024e7602180ba09ad23f32cc83b03c87	1790416430630.68
file	assets/icons/icon/dash-dashed.svg	94938fe85bc63727e3e91c0b2673dea998c7003ec31d8a70568b5b309db43b58	1790416430631.6802
file	assets/icons/icon/dash-dotted.svg	042f3a35831270b34f5a3b660392ef180b8884f642c1db600db92e78ea4e545d	1790416430632.6802
file	assets/icons/icon/dash-draw.svg	7437ec0e47e6bd0bc361bafe1e34290e176723061dc4c700e5c6bbebfcab9fdc	1790416430633.1829
file	assets/icons/icon/dash-solid.svg	0b0d308050415ff8885928807434e6e460849a3835c6891d4b8fd0d7e89c1c00	1790416430633.6772
file	assets/icons/icon/disconnected.svg	69f462a9d43647ff69951eff2faab6af03454c62e34b1334a424f0d37568ff19	1790416430634.1794
file	assets/icons/icon/discord.svg	cb9f8d01ebab09ce2c8cd36721f351ffc262daaadd2ca2c075fb37d09abf43a1	1790416430635.1816
file	assets/icons/icon/distribute-horizontal.svg	2cc919d47e3dff4f7029beff066d081f2d5a83a3605de169d5a02b92bba979a9	1790416430636.1797
file	assets/icons/icon/distribute-vertical.svg	788a36426e287c416b70e6b09f11b2facca1ac6b5fb27fe85975c7795a15e002	1790416430636.6794
file	assets/icons/icon/dot.svg	b2c5e0e9500e2e660905c40e16603c4a8b6c645bb8c8f0d4aac6c565bd4c1c5e	1790416430637.1792
file	assets/icons/icon/dots-horizontal.svg	bb96ebf203e0b9de8565f08f465c811b8664bce0577d81a548edd933d3482a05	1790416430638.1797
file	assets/icons/icon/dots-vertical.svg	e1d243c75b33d56b63798334157179dc1762eb1cd1d3ef2be0eea3d3536ccfa7	1790416430639.1814
file	assets/icons/icon/download.svg	012eb7cb81662e43c8cbc41ad34d9d761cfc6ca4e52bda194467b1bc91cba231	1790416430639.6792
file	assets/icons/icon/drag-handle-dots.svg	42e375a2e86cb0cd8beb5d556a112295b78460ed04fba2d6b069fd19e834d0d8	1790416430640.6785
file	assets/icons/icon/duplicate.svg	2c832a05d5e2e613f338b6bc5de99d794d9f15edcb3045cf8aad7dd2f19e2bdf	1790416430641.6833
file	assets/icons/icon/edit.svg	49a94151c30afe0814c1303a238cdf39d08764778d9fc3269a99c305e75ec2ad	1790416430642.1804
file	assets/icons/icon/external-link.svg	1ec7a57b386a2ee98d7c8d5c212743876d488f56afe661e075dffe5ecbd65f01	1790416430643.18
file	assets/icons/icon/fill-fill.svg	c164c8d7dc9cf73943780410a24098445f8848be73cc5839d0781e3ed43ac27f	1790416430644.18
file	assets/icons/icon/fill-lined-fill.svg	dd61b3d55915029ddf27974a9635123d21e802af81631dbbc32ee4d3144ba81d	1790416430645.1787
file	assets/icons/icon/fill-none.svg	a8a09663f3e385c11f59641b3ec9003db4f7fdf6c586f3c354def312d2f980ff	1790416430646.1804
file	assets/icons/icon/fill-pattern.svg	3e2e2df31360a94770170d90f8691f536ee8e202a694f5e71df0574553105340	1790416430647.1775
file	assets/icons/icon/fill-semi.svg	3e0b2ed7e09743649c341d0b77a597fca1a944454d8531acce9fbbb1fd7d121b	1790416430648.181
file	assets/icons/icon/fill-solid.svg	6b396110593e68a1b9b81a1a36d8537e063509057259556758fde319b2375bf9	1790416430648.6807
file	assets/icons/icon/follow.svg	83dd78f482a80f8e431cff76d60dc316f0037184b70ca3095142344d9e6c19ed	1790416430649.68
file	assets/icons/icon/following.svg	023e3e0b57af267795356799c9360c280df4ccd76d4f3a8fac8739f3cc284a17	1790416430650.179
file	assets/icons/icon/font-draw.svg	ba0fc02168eb516dbc078dd496b60fc67cb977d9b311be744b1aab36a4005872	1790416430651.1775
file	assets/icons/icon/font-mono.svg	686b861ea2af1d0bf619564a5ed0e66a619b5b66a49464ce2dde1222630b116e	1790416430651.6782
file	assets/icons/icon/font-sans.svg	8daf2b1e9a59b23e2b6cfdb704471c134957bcd8e4bc288e65b087d792fa3d8f	1790416430652.678
file	assets/icons/icon/font-serif.svg	8623f5aae60913ab8a5bcc479983d3ab499074432e29abd1fa99d02435a281b4	1790416430653.6787
file	assets/icons/icon/geo-arrow-down.svg	79ef41946ada5cfe75c9c6998dd08bb13ed90691fcf345269f26611f1f870d5f	1790416430654.6814
file	assets/icons/icon/geo-arrow-left.svg	089561e0e1ddf4312f89c7ea10f58176ffee960f02f586c531ea274c51610988	1790416430655.1812
file	assets/icons/icon/geo-arrow-right.svg	1c36eccfbcbec2bd71c6c0b49ee5dc85b2edbf7b4f84c65dd0954be3e1585fc2	1790416430656.1777
file	assets/icons/icon/geo-arrow-up.svg	62f5afe78cc4b72005791b3b9873fbd5dbb26c964d85f5c015e353314ad4956e	1790416430656.6782
file	assets/icons/icon/geo-check-box.svg	af4b885f470245ed316c8b91c4b3184681b5967cfd04800a28635790f7aec813	1790416430657.1787
file	assets/icons/icon/geo-cloud.svg	f25159485ed3a0f7acb3e8ea2b2f4a6a36047c336ef34e3b42c44938f7dc3ff0	1790416430658.1785
file	assets/icons/icon/geo-diamond.svg	b6a503e50b52fd8eacc34bbbcb26c1989d5834f367f1ac22d179ec6535e04f0c	1790416430658.6787
file	assets/icons/icon/geo-ellipse.svg	aaf1af0103ee0902f9ebef52df2e93742a2457dd1e43e8b28827ab511fa7094f	1790416430659.6787
file	assets/icons/icon/geo-heart.svg	fd21132a4704fd683f3f3f823590b6b80f5a898d051016cec23352f916109b77	1790416430661.1785
file	assets/icons/icon/geo-hexagon.svg	330ec2183600f7ae3dc954c55f8fabc025f88d782b7e68388b2f4e7aef23f6cf	1790416430662.1829
file	assets/icons/icon/geo-octagon.svg	9edc6669ef4619a2a1d5e4bead9fadf8e5cc8707c8cb69e9016a7f8eedaa5e2e	1790416430663.1787
file	assets/icons/icon/geo-oval.svg	d9116c3f7659d034b2a51179522ee4ecffb425a51507ebef64a2f95f19c54f7c	1790416430663.6797
file	assets/icons/icon/geo-pentagon.svg	747e191a1d48bf76d976204f3d6c9f4d416bb18028007ae0804ef22f22489d33	1790416430664.682
file	assets/icons/icon/geo-rectangle.svg	794ce701e81a8666161813929f50616243f4c4a63ac7f42ff98f5c184c0302d9	1790416430665.6782
file	assets/icons/icon/geo-rhombus-2.svg	4f1abbeed61573749c317cf1f6a5dc10866f14dc841ecd196cf984a7d7926c9a	1790416430666.6804
file	assets/icons/icon/geo-rhombus.svg	bbeb129a32f00fa709a7adf63dc40dcdac2fb0354757ef35d4268af1526f0a43	1790416430667.681
file	assets/icons/icon/geo-star.svg	8758f6dd56430013b6f7f1271b0b940af636360a86554724d9b5f67bdac4f6b6	1790416430668.6794
file	assets/icons/icon/geo-trapezoid.svg	3d6153385c38b063896996844c1590eec3a2a96156c49a494a1ac51678a0882f	1790416430669.679
file	assets/icons/icon/geo-triangle.svg	2f7aa68e6c0ced65a8376509f2ed2cf999b0daec5ff3576d9155b88cb5deee1f	1790416430670.1816
file	assets/icons/icon/geo-x-box.svg	007102cd03c4406c933705fee7921855bcebfb3c673fa0220702a5e7fac437ee	1790416430671.1797
file	assets/icons/icon/github.svg	ee7bc9fcfa0ec9b3aedcfc19cdb9fa6cca634cb37b2362f8f5a6ba2a688928dd	1790416430671.6775
file	assets/icons/icon/group.svg	9c8c328d1faad6ee8eb44ce725870c723788f03885c2650178138cc368dc7178	1790416430672.6802
file	assets/icons/icon/heading.svg	a3faa89f39bf53f9fef18a362b70b2ec978fbef800a7683874b424520d815fdf	1790416430674.1787
file	assets/icons/icon/help-circle.svg	e07ee43fe722c13d284804dc5348de87542e29a1cf027bc7658779b4e8838723	1790416430674.68
file	assets/icons/icon/highlight.svg	71fb9854f4703e209518d9ed966a9d4c2ba5d78c95ab9bf2692b5cf4630191a8	1790416430675.1816
file	assets/icons/icon/horizontal-align-end.svg	bcd4c48ad0e4e188ab02cd542c92293b92a19261b09fca8447815adc7909fbf3	1790416430676.1824
file	assets/icons/icon/horizontal-align-middle.svg	97227c3ebb3c45f5a0b831e0580737d75f7b5a31100505c140caa7845dbae6ac	1790416430676.681
file	assets/icons/icon/horizontal-align-start.svg	473527e01fff2399500188b92b9e8117eef142a48fc2f3c84c42184e608e8264	1790416430677.6785
file	assets/icons/icon/icon/avatar.svg	8bff5ce457ccd8f8808d583592762b57ca1706cc5268c3c5b18100028b2dc045	1790416430679.6785
file	assets/icons/icon/info-circle.svg	b04f44a36d4c2050f650846cf9d5f9d4a22fd361dd3b4112223987cca8a28ba1	1790416430680.1787
file	assets/icons/icon/italic.svg	99f9293fca236a0f7ef830f5c28183a512f05fc8de628ec66259d497fda118c5	1790416430680.678
file	assets/icons/icon/leading.svg	011b389cfb0c7ffeecea58727ff973e364027b946e158113ede320112853487c	1790416430681.1775
file	assets/icons/icon/link.svg	63a554807cdc0e969c7d9159725ffb7b0a3ce2a57d5478daeceeb83e4e96a60f	1790416430682.1785
file	assets/icons/icon/list.svg	e274a2aa1632b6a051216ca23a134a05025a55e2521e97a405149f3e6dba8e8e	1790416430683.1775
file	assets/icons/icon/lock.svg	6afac5c92aa874ccf8782c0fef6bdd46cdfaae04c7ababa890f9c00bc105e1e5	1790416430683.6792
file	assets/icons/icon/manual.svg	83a72f7fe8f6a2c3774009c40d3016b3bf515742a001309f7cfce442c2c06db7	1790416430684.6797
file	assets/icons/icon/menu.svg	638e4e6879204e97c502862d4545e0b8bbd0c288bd402677a151aa877cc0f34b	1790416430685.18
file	assets/icons/icon/minus.svg	40a24aeb80b4f91d104d2c470223dd9457c4547f3415e3270cf8463bdd24842d	1790416430686.1787
file	assets/icons/icon/mixed.svg	a21da757b811a3ec1bd3413bc2db23dfc26988c96ab23e3f31e7b5169869f4d5	1790416430686.6787
file	assets/icons/icon/pack.svg	29cd9362bb642cf60eec104eef50817b0ba541dae78dfbff55b1d4a397da3caf	1790416430687.1802
file	assets/icons/icon/plus.svg	b48fdec7c5ecf06e4d3da42c1f4490837f635b8f51138055d195add4bea835df	1790416430688.1777
file	assets/icons/icon/question-mark-circle.svg	e07ee43fe722c13d284804dc5348de87542e29a1cf027bc7658779b4e8838723	1790416430689.1792
file	assets/icons/icon/question-mark.svg	be72f24f8ea6324ff9cf1830d43e631972b4779186c667a05a4dbb8b2177ff06	1790416430689.678
file	assets/icons/icon/redo.svg	f4fc5228ec9fe109185f3de562074f2116de847cfff5a16964f36e0c94b6eb95	1790416430690.682
file	assets/icons/icon/reset-zoom.svg	61d64b892cab8ca372efe9e8a35ba11f91379d5dd4a2be256035dc5918291678	1790416430691.6794
file	assets/icons/icon/rotate-ccw.svg	97f1abe5c173d77d14ecb54d0d6667fe7c5ad3d5507b4c788f06f4bb1b95b6bb	1790416430692.678
file	assets/icons/icon/rotate-cw.svg	e98cf014ea638136f8016faa081b015de46113191adbd149afcdcbd43084da95	1790416430693.179
file	assets/icons/icon/send-backward.svg	107c5c923fee14830b7a3fb1d011f37b95d72ed9fec4050c0a12e7ff1ee5be76	1790416430694.1797
file	assets/icons/icon/send-to-back.svg	66a5446e6bd9cb80ae4b1a1c6b5a2d07afb8803e1d71a3803f3972123687381a	1790416430694.6775
file	assets/icons/icon/share-1.svg	216ea25763552bff22d32e36c656594ad6cb8e698e41c22c7b82c682c4e5c6bd	1790416430695.6802
file	assets/icons/icon/size-extra-large.svg	41bb7b92b06ff80366482f0b00b720629272f7ae34d716548330a37513086cb8	1790416430696.178
file	assets/icons/icon/size-large.svg	c6d2c9b5a30765d9ef474dc890542ed18901efccab7816603efc9df8beecffa2	1790416430697.1772
file	assets/icons/icon/size-medium.svg	29ea7c600ea6d07a5d82ba5b2a961ab3ca8c9f4c3792f9f71d4a935b57eb0e4f	1790416430697.6777
file	assets/icons/icon/size-small.svg	06b8846bc1d67764bae810c8039b7cf9b2baa451d726f481008f2e32411d736e	1790416430698.6824
file	assets/icons/icon/spline-cubic.svg	ace8b861f8483b3979e7c1bb6a322ec4e7724539e1cb34dfec892a801dbb7967	1790416430699.179
file	assets/icons/icon/spline-line.svg	baa37fb9149aded63cb27dda2b1e8928e231f926a0ba9c77860bad07309c4dc3	1790416430699.6821
file	assets/icons/icon/stack-horizontal.svg	ac4d8c68a2bee555f730848898988fded27f993cabd156d00a0664b6934c6f85	1790416430700.6777
file	assets/icons/icon/stack-vertical.svg	10fb368a1493cc30ecba33316faf7aaf3a19717a1b6a1ccda74b1d7d61153317	1790416430701.1797
file	assets/icons/icon/status-offline.svg	e8d7f54abde44568254a6c7b7ef10e8db1a9d63d9bdd295ebc39bb0d39f45ea6	1790416430702.1802
file	assets/icons/icon/stretch-horizontal.svg	52e237d834250e1adcf9b3146f5a303d5eaea453cda05ae906fbbd17bea0ff06	1790416430702.682
file	assets/icons/icon/stretch-vertical.svg	f5a075f6dfd91d793fb96f262e2e5751ddd8f11c98d553a4548a3044421be9a2	1790416430703.6782
file	assets/icons/icon/strike.svg	b6936dd2b32830bf23de6b2049e4d6f5bf644cadfb91743cc4a796e6d5a37675	1790416430704.1787
file	assets/icons/icon/text-align-center.svg	8785137480ae7346fd7f70a86ccaa2d0df7a091ffffb7f8322c1bd218d897fd7	1790416430705.178
file	assets/icons/icon/text-align-left.svg	48dc491216e7b65b9af3569a4e0501bf745fb37c9d124e750fc07ca0e50b37ad	1790416430705.6816
file	assets/icons/icon/text-align-right.svg	59053516213225b8e360bf8a1c647c032a3d130d6dfcfa69787a8e710571ee9a	1790416430706.6782
file	assets/icons/icon/toggle-off.svg	cd179845bb611e351a3f456e214004f3397ec47cd8215fe47dcdbedd3a8e5feb	1790416430707.1777
file	assets/icons/icon/toggle-on.svg	d78d5c79f4f6d079126efeb4e91fbe4f64cc69b964dcfa83ca43611d1ffe2ef0	1790416430708.178
file	assets/icons/icon/tool-arrow.svg	271479b72c6bd8ecd9272e40c82cda08bf14e52ce07b41540f7253a22e47725e	1790416430709.178
file	assets/icons/icon/tool-eraser.svg	cbfcf9d5d80b529b2c07e91a48cba8911bcc299aac061027557dfef8c71f4c77	1790416430709.6824
file	assets/icons/icon/tool-frame.svg	add37c44a3676f9c8892125b0e8317448a9cbd32887b1de588b55a865890edc8	1790416430710.178
file	assets/icons/icon/tool-hand.svg	d4b708e6f4041eeeaf2040ea914a149b04a16a711a30cb227dd2eb90f8d8224e	1790416430711.1772
file	assets/icons/icon/tool-highlight.svg	71fb9854f4703e209518d9ed966a9d4c2ba5d78c95ab9bf2692b5cf4630191a8	1790416430711.679
file	assets/icons/icon/tool-laser.svg	033b348f6ebb7ea227894f7891cc7635b7d7a411668c9f80c6a074f043d73dee	1790416430712.1797
file	assets/icons/icon/tool-line.svg	0edd8997e392f9107dfccd857b6a07480ee0e81d5e7fda806740846d0acaf086	1790416430713.178
file	assets/icons/icon/tool-media.svg	4743c547b5e548aafc4d0dd02eed246ea29f16cdc053b5bb6862121ab08d596c	1790416430713.6775
file	assets/icons/icon/tool-note.svg	4fb385b7b813366ae1f349f666bc63188b7c80e4cd70da175aea3ab87082c898	1790416430714.6792
file	assets/icons/icon/tool-pencil.svg	b302a8befa0724a6120349593b62cec07b0606a2011e0e1a50540fb47703d88e	1790416430715.6824
file	assets/icons/icon/tool-pointer.svg	1da4369eaf5773aba9ee7ab20c3c7d23f16f83e5a725bdf60151ec8c23edb7b1	1790416430716.1792
file	assets/icons/icon/tool-screenshot.svg	eb808d2b62969d650915d1264a5f029b596afcd8c4cd1ba47097f436db35ccf5	1790416430716.6794
file	assets/icons/icon/tool-text.svg	8004f3e43bd68a6314781d797342c9be8b6079cc72d13551a58537d66848e10b	1790416430717.6775
file	assets/icons/icon/trash.svg	32166b6922bbfdd1221b3878cb4b41c93b62524ee21ecf041b184b0545fb9c37	1790416430718.1787
file	assets/icons/icon/twitter.svg	02c12300e3f701cac731afb0778d1a65aa1f29a87c9e5976092b36fbdc9c9ad3	1790416430718.6794
file	assets/icons/icon/underline.svg	9c9a3e603e6b857eb620401e3f75080ac9dca89f862c59221800403d65b69c4f	1790416430719.1768
file	assets/icons/icon/undo.svg	0006a3658ab3f84925ff65e8d3ffd20f56fd8a008e5da34de805c961e085a617	1790416430720.1807
file	assets/icons/icon/ungroup.svg	6dc4cc809605df599fc09b47d82dbada924783913514601dfb96531107e492fd	1790416430721.1775
file	assets/icons/icon/unlock.svg	0b655011d1684c6a5fa75bcefde0a227f9b96a7d33cbce850bc89893359b1764	1790416430721.682
file	assets/icons/icon/vertical-align-end.svg	5adac300af812b1c67ffe1e58693bdd3323f0594832c8e6b6fdfaeb2f8adb7a3	1790416430722.679
file	assets/icons/icon/vertical-align-middle.svg	a3e7a8ad4a1068fe93e950000f17f28c43e3a1a3af3d8557d7aec79acb129dc8	1790416430723.6787
file	assets/icons/icon/vertical-align-start.svg	b882000e196897de79129cff4e9b9b99cb0b06048f0dc29c5b8da3d540ead662	1790416430724.178
file	assets/icons/icon/warning-triangle.svg	3331cb2c5f17bfd001f78bdb24eec499de361a87dcba300e5a36a219b5493e9d	1790416430724.6794
file	assets/icons/icon/zoom-in.svg	1ea594707c40985d797757ce6ead72bc53844943b076cd8f04862d5fe9a0de13	1790416430725.6782
file	assets/icons/icon/zoom-out.svg	6ca9edfbc75c86086e4fe67dc4e6ec76ee060068ef5bdf33e9987f46da18c6c0	1790416430726.1797
file	assets/tldraw_sdk_logo_dark.png	a87bc6cfdcc9f287e70ac08c9a36909501ace82429e678e009d158b1ba071214	1790416430727.1816
file	assets/tldraw_sdk_logo_light.png	47531757a096c30f520dacd1e31591d9c2da9999575c6d7875172b4e3cdfeedf	1790416430728.1804
file	assets/translations/ar.json	f9ec961b37da2cb141f3bf13a1b43d3eefb309af7d4237f3c34245326842403b	1790416430729.6777
file	assets/translations/bn.json	3e09bd6902d03e912d0ac9ef42155b4690586943f6b843f02e053844ec96111d	1790416430730.678
file	assets/translations/ca.json	4d9a66380ab04343f9ea05601fe6bfd064b4692c58b3062340d7f08b1590f657	1790416430732.1782
file	assets/translations/cs.json	140e18a3f5f4eb10d78b184c372b75474c9c585210455398b97e0743a238e978	1790416430733.1804
file	assets/translations/da.json	f8bf19005fd120be1bd9ede943a0317683b6001cc443874fcf6a2a6976914b81	1790416430733.6782
file	assets/translations/de.json	21893666aabf14a43b35fc713761cdfca0b39e6ad6045cb0cf44c65af18ada68	1790416430735.1775
file	assets/translations/el.json	6e7267bc71eb4a97d1fca407fda65caf04ac433ca033f4161446023433670ac1	1790416430736.1772
file	assets/translations/en.json	e3566b3a06430868d71e9287dfd6c6c520a3da027aabea01951d407ee131dc2f	1790416430736.6802
file	assets/translations/es.json	6c508ded12bb63b44740f4c8110b7329d744ca2f33497dc05e4d116ddce0a174	1790416430737.6775
file	assets/translations/fa.json	a9763c66b9e5200a0899395f6b607eab688394d1c5df0fc4e877ab05679b1c1f	1790416430738.6777
file	assets/translations/fi.json	70aa506dfab6b20083d428914227a739ca028a231c6367a517e3d292e5b5f2b5	1790416430739.6797
file	assets/translations/fr.json	7d1ad3c1ca03d4077a3dffec421aa8dd25742df55a60001a7ca09066b3e3f557	1790416430740.6768
file	assets/translations/gl.json	cfefabd3deb7be8a67aa119772b123661669cd880a93282fc45acf4a8f94fc6c	1790416430741.6785
file	assets/translations/gu-in.json	9cb57cda3b3fb4eeafd9d7a33151d6a104803d8be183456e1d0983cf80bbeb98	1790416430742.6763
file	assets/translations/he.json	8ed1560d904cbcc5411b4488c3d4ec955046f4f2ff147dd0bb89eb1e3064329d	1790416430743.1777
file	assets/translations/hi-in.json	497d96e5206eda2c9548968a3124dba9992ed0bb7336f3500bd9e52f498fe56c	1790416430744.179
file	assets/translations/hr.json	1b984f82a972dfda873c40b4ce37dd8d143ed93b926d43ba5ca3b6dbefab7f10	1790416430745.1802
file	assets/translations/hu.json	60a15eead7da445ccdae7373bde19dc33e0fdee6b3bf07c2efcc9049b8d9b2a8	1790416430746.183
file	assets/translations/id.json	e394e8e010ce4a0b86986294488b2a44ee9b6bab362217ed65e182e269b3f6f9	1790416430747.1797
file	assets/translations/it.json	4746f61294ac82cbac8be949dc04987ca489981878db8289b683d5c19d7dec62	1790416430748.1772
file	assets/translations/ja.json	1e162ef986f9d0b7aa8d9332e83eec009e6913c1a9400d9f36058e2e49ed37fd	1790416430749.1824
file	assets/translations/km-kh.json	c90e913465f2db8f0d31886a95873f2e72cfaff9de8c1171a12bf31f9824f635	1790416430750.677
file	assets/translations/kn.json	d6f63163354a0f10520faca6ecadb289c494b333d81d30cc58bf96b8f59e6593	1790416430751.6792
file	assets/translations/ko-kr.json	940e4de6c32ad43fa7121bc3389b0befa8a7399425a6768348b287b1bc4c1b24	1790416430752.6816
file	assets/translations/ku.json	9f8b7252e43c98f5e842324eee2d0d09762584564e64097439152bcfa54513ae	1790416430753.6775
file	assets/translations/languages.json	f13ea3da5720668b5f73eb654f6a3c16ae887e5de534791e19d39b607bef562f	1790416430754.6782
file	assets/translations/main.json	a7f0a8cd4868ecd3b5b19a51353e8976e7596b946b014e658b0395a301fc8453	1790416430755.6787
file	assets/translations/ml.json	1f7f402c296c1d4731cdde0ede63aedf4438548b42fdc67e8738bd10497aa1b7	1790416430756.677
file	assets/translations/mr.json	98d620e9c9d87dc46cfdbc6d9067e9bbdbefd10a51c436f046815bb0a4a2129b	1790416430757.6804
file	assets/translations/ms.json	72595394cc1c111ac31c2980a28148cfdd6839ce74b4c757d185223b77a3624f	1790416430759.1804
file	assets/translations/my.json	8f98db439982294b59891155dc754bb8383e4e69cee5daa2b5b4334467a89425	1790416430760.179
file	assets/translations/ne.json	65a26026cf4ff0803516096a8041b536e3cf2bee5aa8fc345dd6db95198539f9	1790416430760.678
file	assets/translations/nl.json	eb99f5835e8e73769ea2a2b273edd25cefcc23f3a93681b7a3c9fa5a96e63301	1790416430761.6794
file	assets/translations/no.json	05b10be57d4e9ce8687693c957637746e74de9b83a0fe090ee2af8da35ed35b0	1790416430763.1802
file	assets/translations/pa.json	11c4aaa6a41e10cdb8621fa7b1a95863397e992ed0feca8150f9b7c809f69cc6	1790416430764.181
file	assets/translations/pl.json	a941c546cd87a7b880576859c5545a38227f45e7cba37c010ed31e3e66fd96dc	1790416430764.6792
file	assets/translations/pt-br.json	be8865f3e16c3e283f57b99510b748fff8e1079394ec7921507ed5633b1bc1ca	1790416430765.678
file	assets/translations/pt-pt.json	da06f107184c73dbacf67da8bdf632eb1c6294b1b0d2c96dcaf0c09fe71d744e	1790416430767.1807
file	assets/translations/ro.json	aa8e5d0abb01f6ac49385e4ac3e1baa1c4f7b922e6b090f4aade799b0bb93949	1790416430768.179
file	assets/translations/ru.json	d50141c6d0f6e7192e7aaa1aa78b6a28f0940f915a07533b20430870d091d33a	1790416430769.1792
file	assets/translations/sl.json	8dc977f46afbb29bf4c8aede74002d080ae2ea4fd156bacbf4731e2547b79acf	1790416430769.6794
file	assets/translations/so.json	ea812903a7b393e82b57ef3448796e1ebae3b56aebdebd6746753a502910e5a2	1790416430771.1785
file	assets/translations/sv.json	c6f0ef24e1d5db43c76363e11d59c33cd2c5fa22f376f41b40c445b9c1b842c4	1790416430771.679
file	assets/translations/ta.json	15deee75d718bc8718e4857d24c5daecab05424fd1b2461bb68b8acf9543c132	1790416430772.678
file	assets/translations/te.json	b769179f03e3d1759b0f3fd8ffb2ca7a51d3062aa498683ba97ccd706fcdefcc	1790416430774.178
file	assets/translations/th.json	5092df228ba0108303e4bd3eb05f34cf7413da699c2df9ecd7bdf41426469d17	1790416430775.1782
file	assets/translations/tl.json	26d58ee948ded9db491316287d4b9267384aa52dd43c4c2eaca949e299f289c6	1790416430776.1777
file	assets/translations/tr.json	c680a190d48c3f3442c1007fa4f914a327f20885df0897330c40200191cea310	1790416430776.677
file	assets/translations/uk.json	fd3a403b167364617ebd5509c512f783ce82a065eae2f303b85c2c2766488e2b	1790416430777.678
file	assets/translations/ur.json	d381d804937b300fac25e217de8822a7fa85827336e198f0fd720b5c87349b4c	1790416430778.681
file	assets/translations/vi.json	cbb9165e132a81196a7d9bfcf9d7814f52aa8e221cfdbb5229dbb049f6bb8945	1790416430779.6785
file	assets/translations/zh-cn.json	ee6a7d0c72b9523bfa91ee2855a958ad569a391d307ca34a80b00560bf245709	1790416430780.6782
file	assets/translations/zh-tw.json	e5afe6530364951b48732c16ebfa120d6d8ab73e67fca51357e24158c9dc24ee	1790416430781.1787
file	assets/watermarks/watermark-desktop.svg	214a33d478a3a399d2bd3234c54a1250bb3feb51426bbde844960870d92dbcfb	1790416430782.6797
file	assets/watermarks/watermark-mobile.svg	20e4f36c1cdadb146305d248e5617e17d3424057d1088b4c0d76dc34bfdacdad	1790416430783.1814
file	assets/watermarks/watermark-track.svg	ffc9f5e4fdeea83920c171e2bd17577127c5d1a2c3c76f07440e10d387132280	1790416430783.6772
file	internal/config/LICENSE.md	97cc327b9e06df16434ea0638508312adac3553af9514c3025a716269f6fb41a	1790416430789.6782
file	internal/config/api-extractor.json	2af221e062bc4f4577fd39779f957e8926992873ff3190ea74630663e415e5f3	1790416430790.1794
file	internal/config/package.json	9ceccc919d082936d40ba4b552c864bfda4db031e2938133251f79602803373d	1790416430790.6775
file	internal/config/tsconfig.base.json	9b1e48ed2d3a686ae699c240039c8f9d64863d79cdbd82c6b9ece971fa2dbabf	1790416430791.177
file	internal/config/tsconfig.json	1c3c7c0619812dc9d5101d050306a50b9eb123f1235d18c632a968dfb3f9a9f5	1790416430791.678
file	internal/config/vitest/node-preset.ts	e84a3efc5f62cc88044641fe1ddcc5c17cc5128bc070f3c475ea1b780b87d2f1	1790416430793.18
file	internal/config/vitest/setup.ts	995d3da4523483f63833949e2627441e2b453926f1e5ba14c6d3fcb7f2c75909	1790416430794.177
file	internal/scripts/api-check.ts	df31aea628a24c76dcf4d0d23a6513b4f3908197cd742282b89bb16cf15f364e	1790416430826.6787
file	internal/scripts/benchmark-dict-validator.ts	b2dd93ee4c28637a9c40b46278018aa0ab252e4e1b94c8ca804274da368c1d95	1790416430827.178
file	internal/scripts/benchmark-validators.ts	a6337e921332dca28f451cae418ec33064a8f6539293da5218d638db13b21f43	1790416430827.678
file	internal/scripts/build-api.ts	633a291f54dae86f44c354d19e5242df602d6f8c6a4f12ca4489d86dd0707f0f	1790416430827.678
file	internal/scripts/build-package.ts	23d80ec366a0c039dcd321b9b0aa5eca033e56e88fa91bc95c37629b476153ce	1790416430828.6777
file	internal/scripts/bump-versions.ts	6414512904a643da16c09e3bb5dfaa841ddb840cda614f8a968bddd2bea4c5b9	1790416430829.178
file	internal/scripts/check-circular-deps.ts	b90f86d5e90283fae3ed027713e2c9494135d0afe932d3366809121479c59caf	1790416430829.6804
file	internal/scripts/check-packages.ts	c35242fc68641a51a625bfe21fa03d91428a8c705b178430cab693bc8bdc5a33	1790416430830.6777
file	internal/scripts/check-worker-bundle.ts	7b75188c8da86ee40b08a2376a6a6dba94c7964dbd4b59857108e608ad356528	1790416430831.1787
file	internal/scripts/clean.sh	098671ce46f977544ab654e336e681f8b461a49fd1872d2fbfdc43b3cba14ece	1790416430831.6768
file	internal/scripts/cloudflare/dns-check.ts	117cb27089093d123a52ab30890eb348f34002240bf7b407066aee7a0784e3ea	1790416430832.1777
file	internal/scripts/cloudflare/ssl-cleanup.ts	d41ffa90181829452a7cd0b4fe2126f62a62f03aef0718ff88ef5736ad79400e	1790416430832.678
file	internal/scripts/create-docs-reference.ts	c55cedee2702582c9435527313796e27b33391b05786f4f8da65c01ed4192062	1790416430833.177
file	internal/scripts/deploy-analytics.ts	fbf98987cf2d604d89b9149d8b5050ae6ea0608358612cf37fcfc6e2d64e49c3	1790416430833.6765
file	internal/scripts/deploy-bemo.ts	147239513ccc4b16fc67686eec9eadad4e14517588483f67c6a9df496336857f	1790416430834.178
file	internal/scripts/deploy-dotcom.ts	92cd86dfb9d3ba5fd3574e1382df9b5831294f3b8e16e2daa056ca033216fef7	1790416430835.177
file	internal/scripts/deploy-template.ts	a43a73e6c24fffd4385a9aeddd1674055ac5b726e4e0681d769cbaba6842ac8e	1790416430835.6785
file	internal/scripts/dev-template.sh	5195bc3ed688ce7909a51e29e0fcf5702aac7e80ebd57b0979750759987b2cbc	1790416430836.1777
file	internal/scripts/dotcom/cleanup-test-files.ts	639622535ee93e93f31dc85ef1871322258c5fb06e7a3a473a4018579c4eb75a	1790416430837.1775
file	internal/scripts/dotcom/copy-random-files-to-staging.ts	94836b609c45e98553d7a97d1e2f97ec14c756bb3fc3b25bb40ddce9b6614d53	1790416430837.6772
file	internal/scripts/export-template.ts	caff7467668dd2fa67ad79d1cb50ad5dbe6e979a2a4b4d08ea8352d84f9a832e	1790416430838.178
file	internal/scripts/extract-draft-changelog.tsx	81a383ae0871573d3eea9334dce76c5b58557f2a04a7ea2931f28532502d8dac	1790416430839.178
file	internal/scripts/fetch-fly-logs.ts	a639c6b8a06f07ae5a43b8d373b675abc4158f11bbaebeb09a90ab572f5a654c	1790416430839.6765
file	internal/scripts/fetch-fly-metrics.ts	1bfa34762c2cf673dff81195dcfb7763fcdabbcfb81573501cee59832cee5beb	1790416430840.177
file	internal/scripts/fetch-screenshot-metrics.ts	31ef9413220a8d59be526392dbf37ff2750b309250de0538ac39a2d55c4e6526	1790416430841.177
file	internal/scripts/fly-common.ts	928b763171f867a904bee780a0ef91efa1d4e54aa3eba218bda0aeadd925dd00	1790416430841.6775
file	internal/scripts/generate-test-licenses.ts	2632205df56a38e968bcd6f5b0fb86bf909fcc3e67906047dde073c326e59ca2	1790416430842.6765
file	internal/scripts/generate-tldraw-package-docs.ts	e90a267b1ce59756c0fbcde17e3021dc4746a72f77bef95bf473559512cf75e2	1790416430843.1775
file	internal/scripts/i18n-download-strings.ts	d5e71040b9640ad4094c2ac4737c075ec463146a5f0d81ca3e78e96b62a7fadb	1790416430843.6775
file	internal/scripts/i18n-fix-strings.ts	3774c14cdb93638866fdb971cf485d4c16707651c0c881c580adeb4d86572a77	1790416430844.679
file	internal/scripts/i18n-upload-strings.ts	00d572bdaf42122c24fb087685105a2a42e44db0087d8461ea5f841be8498da8	1790416430845.179
file	internal/scripts/lib/add-extensions.ts	bedea64fcfdb342b5ba0f31cabdbe4ef7e7e4533f432f31347dbd2eeaadc1997	1790416430846.1814
file	internal/scripts/lib/deploy.ts	79a6e6678654733c6f305d8ea8d7392fda9a87a008a60e71bf73067759c360be	1790416430847.178
file	internal/scripts/lib/didAnyPackageChange.ts	ebce8462af1f938de2ca81093c5660dc4f680cbbb927182bfaeb062f4a76153e	1790416430847.6785
file	internal/scripts/lib/discord.ts	cc46c899f23c4d31fb147d893c0c751f449bef02afe321ae2874f448bacd242e	1790416430848.68
file	internal/scripts/lib/exec.ts	d5a44abaa9b665dd82802f1bcf799b19701898715b48248f91608ae3f1ef8502	1790416430849.1787
file	internal/scripts/lib/file.ts	e3a304354a1907847c54b147403619a7eac135d0ab879abd21e044268966d180	1790416430849.679
file	internal/scripts/lib/kill-tree.ts	2c2dee121f1088a25524755fcfd141dfcc2f24b6572fbc75331320d526605296	1790416430850.1785
file	internal/scripts/lib/labels.ts	1ed1a51e52133852f3cf849898c4a22498336a1b4cbb5ac0f87c0c5a7ae1a788	1790416430851.1797
file	internal/scripts/lib/makeEnv.ts	afbad5eeb52b89bd0b956730921c8dd7c78881a1800eccd6b141dc9f6adcf1f2	1790416430851.6792
file	internal/scripts/lib/nicelog.ts	17e2c5956d148318c48b46882f543804558e928278416a512fe853938104cb6a	1790416430852.1785
file	internal/scripts/lib/posthog.ts	ee35ce0e816efbece4d24f47ad8df18dfe78a5ad6ece794de3f3d80b5318e49c	1790416430852.678
file	internal/scripts/lib/pr-info.ts	84c426a2f4410d72efde8a8d9e033f9da61400e4fcb0ea33cefb5e57a3c70d5a	1790416430853.1785
file	internal/scripts/lib/publishing.ts	1fe879ce7cde88a783a69695a90d1c69cacd902f260fc5a1c7e91752a42ac87e	1790416430853.679
file	internal/scripts/lib/sort-unions.ts	9ae81656e4ed2e33fd024306ca234e7736833c2eabf81d7949ac344e79c8052c	1790416430854.1797
file	internal/scripts/lib/types.ts	9f873e49b8ecbfa92800352625c106dd4cc38d1e3d46ca7107d279d25f3edc92	1790416430855.1792
file	internal/scripts/lib/upload-static-assets.ts	b9992c084fcf04321de7a1599a26d32a4367ecf30fcdf78eadf2535960af6de9	1790416430855.6794
file	internal/scripts/lib/worker-externals.ts	f461d6c5193c51dd2589724b81c70dede5d0bf79799579ea9534b03479f2245d	1790416430856.1792
file	internal/scripts/lib/workspace.ts	8613de817871febc17262fc9874877ef70444f9d857fab40018c3d65b922abb7	1790416430856.679
file	internal/scripts/license-report.ts	94c144744b4d276b19b8586a46e52f46f4a783dca633e1606afda29144f7c543	1790416430857.1792
file	internal/scripts/lint-staged.ts	fcbd90611158426c141e7f15eacae31b5ac559c36474f0fb3617df4e30d2bc1b	1790416430857.6792
file	internal/scripts/lint.ts	164d5919b6b2a5c3d1660026b5665a6b9070f2642f2061e17af712363651b507	1790416430858.179
file	internal/scripts/oxlint/tldraw-plugin.mjs	9ebd5988223c850477c1cf409bf21fd6990da3a381c1dd861f3295c647adb160	1790416430859.1792
file	internal/scripts/package.json	127c11cb75abd8901b3f390d10c729c933aa0f109d9feb2dd6241c0e4487be24	1790416430859.6804
file	internal/scripts/postpack.sh	81516eb08f9eb39d438cac2123e3c8bb2fe1e9e9e1224b167f5435ad1b4878f4	1790416430860.6826
file	internal/scripts/prepack.ts	26cef41f48a6d6e85438b7a30ee80247e806b6287c24320ff667b3eed169d6a2	1790416430861.1785
file	internal/scripts/process-compose-bin.cjs	b54bf0defd6e940fc576f4a206d30298d0cfa27dbdaa5ac5c07aa119ab3fceae	1790416430861.6775
file	internal/scripts/product-manifest.ts	98c25bfcc575b3d4dd5e9fcb01d7f7c9f90964daca886af5cfa45d9217b1ce6d	1790416430862.1765
file	internal/scripts/profile-tsserver.ts	6105aa4cbadd8b18fadd4c6b6f454d103b18b19f901dc04b9608822d5673b1cc	1790416430862.6765
file	internal/scripts/profile-typescript.ts	85a5d8e70beef18ae3a0ffd1c0f1d1b1a391de0ff593b324466f2a1d4b13542e	1790416430863.6782
file	internal/scripts/prune-preview-deploys.ts	74e40157ba34ade6f7efc955449aeadac4fee739e1019c85b6e794f2a53a541e	1790416430864.1785
file	internal/scripts/publish-editor-extensions.ts	611174895deb87fb13b6e363b4f730de65de1696c2fecd4a0dcf67beb954ae8e	1790416430864.6772
file	internal/scripts/publish-manual.ts	7da009898768ce61cfe3c4af9ef306b773a4da9699e0dfd70b70dea84dc2f690	1790416430865.1782
file	internal/scripts/publish-new.ts	245a1d22ffc5e494650b7d7e9a3ff4b33816073d157fc5fcf3efb8d554cb11e8	1790416430866.1777
file	internal/scripts/publish-patch.ts	ebe122d329df61f3d41f1af79fa4d87df30d362e178ed0e2d88bf2217fe65eab	1790416430866.6797
file	internal/scripts/publish-prerelease.ts	2a089841a5c61060346bf0479421ea7db657372c006143768be83f0f0900771c	1790416430867.1797
file	internal/scripts/purge-css.ts	10f17425a4aeafde14dbd786d7b3704793ce779a0a9d0ea7451847a1d3374a9b	1790416430867.6787
file	internal/scripts/refresh-assets.ts	d1e6e48979bcec1a120c1fc6def3a891acfc569b236a743d343b44831d044bf3	1790416430868.677
file	internal/scripts/refresh-create-templates.ts	198d29ba15da53b128d86b0a7426c411dd1b296637a464d0fb84ace2eddf9335	1790416430869.1782
file	internal/scripts/trigger-dotcom-hotfix.ts	93ec63a05615a793877e915d075e17466c2bb8a93f11d58f0b6142d54d5adec4	1790416430869.677
file	internal/scripts/trigger-sdk-hotfix.ts	ff9220ac7392d897b93a85615e1bbae4916e3b7b4d638ddcc2388a419817e871	1790416430870.1777
file	internal/scripts/tsconfig.json	79abce65c26ee43d2d473f57b1a20a34321976c06feb6c0caf57f54231a6f24e	1790416430870.6777
file	internal/scripts/typecheck.ts	26af3ef89f2000467ce65b749d96f0f08bf218463d020a0e3c3461ccbeb788d2	1790416430871.178
file	internal/scripts/update-pr-template.ts	84c575b7cd1bc3406719d88ef9c16dac79ddf916d742d4399b32c964f0478e7e	1790416430871.6768
file	internal/scripts/vercel/build-docs.sh	83f598a86aac2be34ee40a985d2f82ef6cac0b82b2a2f4cfd3e3ca664c1e6bc6	1790416430873.179
file	internal/scripts/vercel/build.sh	d846d635fad5b134a0068841ff80316dd968087234f75b41c0519cb895a601d2	1790416430873.6775
file	internal/scripts/vercel/install.sh	cc7e15566bb313fd591e8a10a57a898c96832fdad15290bc1bf89983a1aa0f6b	1790416430874.177
file	internal/scripts/vercel/should-build-analytics.sh	78df8c27d817eb5803f61d92db90257e51cca9ebdabe458992aac31887cf7872	1790416430874.177
file	internal/scripts/vercel/should-build-docs.sh	407e201be1a4230793799c6e311659afcb4334a0fad74347567130a6566e03b2	1790416430875.1782
file	internal/scripts/vercel/should-build-template.sh	d9b11393370915302769d0277a03e4c18654e666a4a1972fb45d93440ec6389e	1790416430875.6812
file	internal/scripts/vercel/should-build-tldraw-new.sh	6f2f7aef7dd61544ba80964af5f7c8f69aa50d89bd1f233961d9b8a6c2377c2a	1790416430875.6812
file	internal/scripts/workers/dev.ts	4b6990e20ed4cf38368ac6ff2b8daf4e88e46545066fa94069379bc89945fd1b	1790416430876.6777
file	lazy.config.ts	b66f5e9219affe7e371d77cc90eb7f49c3298fef1a6571a982ab836c8b3d8603	1790416430877.1772
file	package.json	9149f9c3c9ed7f17a9a23940b1b4de707dfedc5d168a94068860303fe361027f	1790416430878.677
file	packages/assets/package.json	ed31e4a9df15d23086cce2e9b35259ee674f30825e09ed16253b5573e974769d	1790416430884.1824
file	packages/collaboration/package.json	d71310a32ed0795af3cfb52e5feebd657fd604e8c1ec0504f3f7f54006d47cc9	1790416430891.1792
file	packages/commenting/package.json	f6da68dd9e538e3f4dc840d98122835b12a2984de81f6abeef0c3fbc44f7dc41	1790416430898.1765
file	packages/create-tldraw/package.json	022eabf5a1761717d8a038761b60b04a0c000dfd57422b74d87c905e8cbe4702	1790416430955.177
file	packages/dotcom-shared/package.json	ca5d544243da18dcd756879c1d65e591aa7b1d9dc2cfab884dc640f56d2a5ef5	1790416430964.677
file	packages/driver/package.json	18a283b4fcfaabbc4426890acca236c4055b3012d10dfb837bc31141c7e2814e	1790416430982.1772
file	packages/editor/package.json	6ce16c6eaba757dd31c6d0973bd4b271e4437b5f4052029a8256ec3284175a97	1790416430990.1782
file	packages/mentions/package.json	b32481db37eb18f2ad80d3309291fedcf03d5d190b0634d785b16c5cb466dd28	1790416431173.6792
file	packages/mermaid/package.json	8200526b9eca59a9052bbf16bc9ef91918fedb2cfb38148ff674eb485e1d8a1c	1790416431185.177
file	packages/namespaced-tldraw/package.json	1bb8f6fcbf8a71b7402c60887d3e7dfb7bc7d2f29e355504ed35d31672f1251e	1790416431203.6804
file	packages/state-react/package.json	0737d45bfff9910dc9072d38ba281855dea6a4331854e2ec7fbfd7606db48ca3	1790416431210.677
file	packages/state/package.json	fb31fa75508d26241962ef9dd81d72a0adc3a2ade5c046b4b1a7373ee3aec768	1790416431227.6797
file	packages/store/package.json	255e71b8368857eb0d13223eb002b9c1283d1e5f22cc40fff13697a64155a5a3	1790416431254.1787
file	packages/sync-collaboration/package.json	cd9be8ca14e6ca3be3898e5a5c24299eb9ba654cebd7bd37b62d2560207c3b85	1790416431289.6777
file	packages/sync-core/package.json	9f6b8626cbbd56bdfc67759b5e0e1dca51a13e9a0050ee7ec35511669f4e927f	1790416431297.6792
file	packages/sync/package.json	f3a461ce41e050ccb705e1baa369d4a61ab3b99cddf2bb5de80798f2d38f4a4f	1790416431333.1797
file	packages/tldraw/package.json	2959779e263759b953512ed9bfe5c97560dd87d8bf7a0ccb9f94eed2970b79e5	1790416431342.176
file	packages/tlschema/package.json	61df2a411b792c0641ac652b67785e4bfe3d9255c87f3060eb57b8173bc210c3	1790416431855.6792
file	packages/utils/package.json	0a1acf48b538a5ade5196652f86165834e680b48e1e887f90961021d870c55e7	1790416431929.179
file	packages/validate/package.json	190c539a304277e13b7871d7ad27b9dee1cc9fc69baed036f5a09603a9f0bcfa	1790416432015.6826
file	packages/worker-shared/package.json	f13ca37ada6ee70ba840c08b80d6b3ef85e2bef29e9a221a3c110b3ed31c8ce1	1790416432040.6787
file	yarn.lock	3b74be02f7d841187375a0f02dc8f34af75eb9c5f28ef04b73035b1970a4b66a	1790416432586.18
